platform,store_id,super_store_id,brand_name,store_name,store_address,is_open_today,delivery_price,eta_value_min,percentage_service_fee,corridor_id,corridor_name,corridor_index,product_id,product_name,product_description,product_price,product_real_price,discount_percentage,is_available,is_popular,has_toppings,product_image,store_query,address_text
Rappi,900275448,900427457,McDonalds Turbo,Lou - Mcdonald's Lourdes Turbo,"MCDONALDS TURBO Cra. 13 #63-48, Bogota, Colombia",True,0.0,20,0.0,257056,Imperdibles Turbo,1,4118164,Malteada de Café & Pie de Manzana,Malteada de Café & Pie de Manzana,24800.0,24800.0,0.0,False,False,True,d0d3003c-909f-45de-9a27-0cc24bf2b77c.png,McDonald's,"Chapinero Alto, Bogotá"
Rappi,900275448,900427457,McDonalds Turbo,Lou - Mcdonald's Lourdes Turbo,"MCDONALDS TURBO Cra. 13 #63-48, Bogota, Colombia",True,0.0,20,0.0,257056,Imperdibles Turbo,1,4118165,Iced Latte Mediano & McQueso,Iced Latte Mediano & McQueso,20500.0,20500.0,0.0,False,False,True,38481871-8392-44a3-8f91-75f85039c0b9.png,McDonald's,"Chapinero Alto, Bogotá"
Rappi,900275448,900427457,McDonalds Turbo,Lou - Mcdonald's Lourdes Turbo,"MCDONALDS TURBO Cra. 13 #63-48, Bogota, Colombia",True,0.0,20,0.0,257056,Imperdibles Turbo,1,4062996,McCombo Pequeño McFiesta,McCombo Pequeño McFiesta,28500.0,28500.0,0.0,False,False,True,809c24e9-57c0-4b7e-8fe5-7b57ebf7523b.png,McDonald's,"Chapinero Alto, Bogotá"
Rappi,900275448,900427457,McDonalds Turbo,Lou - Mcdonald's Lourdes Turbo,"MCDONALDS TURBO Cra. 13 #63-48, Bogota, Colombia",True,0.0,20,0.0,257056,Imperdibles Turbo,1,3762276,McCombo Mediano Big Mac + 4 Nuggets,Lleva un McCombo Mediano Big Mac y 4 Nuggets,45500.0,45500.0,0.0,False,False,True,fa692a7b-616a-4bbf-9585-eab7096d6d24.png,McDonald's,"Chapinero Alto, Bogotá"
Rappi,900275448,900427457,McDonalds Turbo,Lou - Mcdonald's Lourdes Turbo,"MCDONALDS TURBO Cra. 13 #63-48, Bogota, Colombia",True,0.0,20,0.0,257056,Imperdibles Turbo,1,3795533,McCombo Mediano McPollo + 4 Chicken McNuggets,McCombo Mediano McPollo + 4 Chicken McNuggets,40900.0,40900.0,0.0,False,False,True,92376941-6fcf-4799-b218-a630da57ec07.png,McDonald's,"Chapinero Alto, Bogotá"
Rappi,900275448,900427457,McDonalds Turbo,Lou - Mcdonald's Lourdes Turbo,"MCDONALDS TURBO Cra. 13 #63-48, Bogota, Colombia",True,0.0,20,0.0,257056,Imperdibles Turbo,1,3762406,McCombo Pequeño Hamburguesa con Queso,McCombo Pequeño Hamburguesa con Queso,28500.0,28500.0,0.0,False,False,True,8230f557-d9d4-4447-ac94-9d392a676b9a.png,McDonald's,"Chapinero Alto, Bogotá"
Rappi,900275448,900427457,McDonalds Turbo,Lou - Mcdonald's Lourdes Turbo,"MCDONALDS TURBO Cra. 13 #63-48, Bogota, Colombia",True,0.0,20,0.0,257056,Imperdibles Turbo,1,3762590,McCombo Pequeño Hamburguesa con Queso + McFlurry de Oreo,McCombo Pequeño Hamburguesa con Queso + McFlurry de Oreo,41400.0,41400.0,0.0,False,False,True,ee77c0fe-65bf-477f-943b-a92d0b4d071d.png,McDonald's,"Chapinero Alto, Bogotá"
Rappi,900275448,900427457,McDonalds Turbo,Lou - Mcdonald's Lourdes Turbo,"MCDONALDS TURBO Cra. 13 #63-48, Bogota, Colombia",True,0.0,20,0.0,257056,Imperdibles Turbo,1,3762317,McCombo grande Big Mac + McFlurry de Oreo,McCombo Grande Big Mac + MccFlurry de Oreo,46000.0,46000.0,0.0,False,False,True,dc44b7a0-0b32-4f85-a597-42c834731e43.png,McDonald's,"Chapinero Alto, Bogotá"
Rappi,900275448,900427457,McDonalds Turbo,Lou - Mcdonald's Lourdes Turbo,"MCDONALDS TURBO Cra. 13 #63-48, Bogota, Colombia",True,0.0,20,0.0,257056,Imperdibles Turbo,1,3762377,McFlurry Oreo + McFlurry M&M + Papas Grandes,McFlurry Oreo + McFlurry M&M + Papas Grandes,38300.0,38300.0,0.0,False,False,True,851422cf-3a94-4a10-8c22-fee0023eaed3.png,McDonald's,"Chapinero Alto, Bogotá"
Rappi,900275448,900427457,McDonalds Turbo,Lou - Mcdonald's Lourdes Turbo,"MCDONALDS TURBO Cra. 13 #63-48, Bogota, Colombia",True,0.0,20,0.0,257056,Imperdibles Turbo,1,3762578,McCombo Mediano Doble Hamburguesa con Queso + McFlurry de Oreo,McCombo Mediano Doble Hamburguesa con Queso + McFlurry de Oreo,39800.0,39800.0,0.0,False,False,True,c8645916-93bf-440c-a2ae-650921180120.png,McDonald's,"Chapinero Alto, Bogotá"
Rappi,900275448,900427457,McDonalds Turbo,Lou - Mcdonald's Lourdes Turbo,"MCDONALDS TURBO Cra. 13 #63-48, Bogota, Colombia",True,0.0,20,0.0,257056,Imperdibles Turbo,1,3762570,McCombo pequeño McPollo,Lleva (1) una McPollo con (1) unas Papas pequeñas y (1) una Gaseosa Pequeña a eleccion,25500.0,25500.0,0.0,False,False,True,364a505b-b8dc-4fec-93b8-dcebdf5c0e91.png,McDonald's,"Chapinero Alto, Bogotá"
Rappi,900275448,900427457,McDonalds Turbo,Lou - Mcdonald's Lourdes Turbo,"MCDONALDS TURBO Cra. 13 #63-48, Bogota, Colombia",True,0.0,20,0.0,257056,Imperdibles Turbo,1,3762337,McCombo pequeño Doble Hamburguesa con Queso,Lleva (1) una Doble Hamburguesa con Queso con (1) unas Papas pequeñas y (1) una Gaseosa Pequeña a eleccion,23900.0,23900.0,0.0,False,False,True,ab48b6aa-cf09-4484-bbfa-7d9d5bc64fed.png,McDonald's,"Chapinero Alto, Bogotá"
Rappi,900275448,900427457,McDonalds Turbo,Lou - Mcdonald's Lourdes Turbo,"MCDONALDS TURBO Cra. 13 #63-48, Bogota, Colombia",True,0.0,20,0.0,257057,McCombo Turbo,4,3762299,McCombo mediano Big Mac,"Elige tu McCombo con hamburguesa con dos carnes 100% de res de 50gr c/u, pepinillos, cebolla y lechuga 100% colombianas, queso cheddar, pan en el centro y nuestra salsa especial Big Mac con papas medianas y gaseosa mediana a elegir.",31500.0,31500.0,0.0,False,False,True,126b117d-9df1-4bce-b303-18619ec5f8dc.png,McDonald's,"Chapinero Alto, Bogotá"
Rappi,900275448,900427457,McDonalds Turbo,Lou - Mcdonald's Lourdes Turbo,"MCDONALDS TURBO Cra. 13 #63-48, Bogota, Colombia",True,0.0,20,0.0,257057,McCombo Turbo,4,3762557,McCombo Mediano Big Mac Bacon,"Elige tu McCombo de Hamburguesa con dos carnes 100% de res de 50gr c/u, tocineta, cebolla, pepinillos, lechuga, queso cheddar, pan en el centro y nuesta salsa especial Big Mac con papas medianas y gaseosa mediana a eleccion.",35500.0,35500.0,0.0,False,False,True,1962ec6f-46ab-4ce5-9738-7233c5495a12.png,McDonald's,"Chapinero Alto, Bogotá"
Rappi,900275448,900427457,McDonalds Turbo,Lou - Mcdonald's Lourdes Turbo,"MCDONALDS TURBO Cra. 13 #63-48, Bogota, Colombia",True,0.0,20,0.0,257057,McCombo Turbo,4,3762241,McCombo Mediano Doble Big Mac,"Elige tu McCombo de Hamburguesa con cuatro carnes 100% de res de 50gr c/u, cebolla, pepinillos, lechuga, queso cheddar, pan en el centro y nuesta salsa especial Big Mac con papas medianas y gaseosa mediana a eleccion.",38500.0,38500.0,0.0,False,False,True,e8201fae-3f47-4838-806c-6a179757b414.png,McDonald's,"Chapinero Alto, Bogotá"
Rappi,900275448,900427457,McDonalds Turbo,Lou - Mcdonald's Lourdes Turbo,"MCDONALDS TURBO Cra. 13 #63-48, Bogota, Colombia",True,0.0,20,0.0,257057,McCombo Turbo,4,3762447,McCombo Mediano Doble Big Mac Bacon,"Elige tu McCombo de Hamburguesa con cuatro carnes 100% de res de 50gr c/u, tocineta, cebolla, pepinillos, lechuga, queso cheddar, pan en el centro y nuesta salsa especial Big Mac con papas medianas y gaseosa mediana a eleccion.",41500.0,41500.0,0.0,False,False,True,bad71f5d-5588-41ec-9789-6f2aae055255.png,McDonald's,"Chapinero Alto, Bogotá"
Rappi,900275448,900427457,McDonalds Turbo,Lou - Mcdonald's Lourdes Turbo,"MCDONALDS TURBO Cra. 13 #63-48, Bogota, Colombia",True,0.0,20,0.0,257057,McCombo Turbo,4,3762573,McCombo mediano McBacon,"Elige tu McCombo de hamburguesa con dos carnes 100% de res de 50gr c/u, tocineta y cebolla 100% colombiana, queso cheddar, salsa de tomate y mostaza con papas medianas y gaseosa mediana a elegir.",31500.0,31500.0,0.0,False,False,True,edc1b082-8fe9-4dfb-ba27-0837c102daf5.png,McDonald's,"Chapinero Alto, Bogotá"
Rappi,900275448,900427457,McDonalds Turbo,Lou - Mcdonald's Lourdes Turbo,"MCDONALDS TURBO Cra. 13 #63-48, Bogota, Colombia",True,0.0,20,0.0,257057,McCombo Turbo,4,3762368,McCombo mediano Triple Hamburguesa con Queso,"Elige tu McCombo de hamburguesa con tres carnes 100% de res de 50gr c/u, doble queso cheddar, cebolla 100% colombiana, pepinillos, salsa de tomate y mostaza con papas medianas y gaseosa mediana a elegir.",29900.0,29900.0,0.0,False,False,True,e27e2304-d463-4599-97d9-4191a55bf467.png,McDonald's,"Chapinero Alto, Bogotá"
Rappi,900275448,900427457,McDonalds Turbo,Lou - Mcdonald's Lourdes Turbo,"MCDONALDS TURBO Cra. 13 #63-48, Bogota, Colombia",True,0.0,20,0.0,257057,McCombo Turbo,4,3762339,McCombo mediano McNífica,"Elige tu McCombo de hamburguesa con carne 100% de res de 125 gr, cebolla, tomate y lechuga 100% colombianos, queso blanco, salsa de tomate, mayonesa y mostaza con papas medianas y gaseosa mediana a elegir.",32500.0,32500.0,0.0,False,False,True,26e902b6-2655-4f99-82fb-6f3fdd99fed1.png,McDonald's,"Chapinero Alto, Bogotá"
Rappi,900275448,900427457,McDonalds Turbo,Lou - Mcdonald's Lourdes Turbo,"MCDONALDS TURBO Cra. 13 #63-48, Bogota, Colombia",True,0.0,20,0.0,257057,McCombo Turbo,4,3762467,McCombo mediano Doble Hamburguesa con Queso,"Elige tu McCombo de hamburguesa con dos carnes de 50gr c/u, doble quesoo cheddar, cebolla, pepinillos, salsa de tomate y mostaza con papas medianas y gaseosa mediana a elegir",26900.0,26900.0,0.0,False,False,True,0cdd6254-b71c-48eb-842c-a8baa1b00352.png,McDonald's,"Chapinero Alto, Bogotá"
Rappi,900275448,900427457,McDonalds Turbo,Lou - Mcdonald's Lourdes Turbo,"MCDONALDS TURBO Cra. 13 #63-48, Bogota, Colombia",True,0.0,20,0.0,257057,McCombo Turbo,4,3762302,McCombo mediano McNífica Doble,"Elige tu McCombo de hamburguesa con dos carnes 100% de res de 125 gr c/u, queso blanco, cebolla, tomate y lechuga 100% colombianos, salsa de tomate, mayonesa y mostaza con papas medianas y gaseosa mediana a elegir.",40900.0,40900.0,0.0,False,False,True,bdbcab75-ff43-40cd-a7a1-98e75f11d77a.png,McDonald's,"Chapinero Alto, Bogotá"
Rappi,900275448,900427457,McDonalds Turbo,Lou - Mcdonald's Lourdes Turbo,"MCDONALDS TURBO Cra. 13 #63-48, Bogota, Colombia",True,0.0,20,0.0,257057,McCombo Turbo,4,3762305,McCombo Mediano Super Cheddar Lover,"LLeva una(1) hamburguesa super Cheddar Lover , unas(1) papas medianas , y una(1) gaseosa mediana(16oz) a eleccion",47500.0,47500.0,0.0,False,False,True,3f29489b-cb17-44a4-969f-bdbadacc29ef.png,McDonald's,"Chapinero Alto, Bogotá"
Rappi,900275448,900427457,McDonalds Turbo,Lou - Mcdonald's Lourdes Turbo,"MCDONALDS TURBO Cra. 13 #63-48, Bogota, Colombia",True,0.0,20,0.0,257057,McCombo Turbo,4,3762498,McCombo mediano McPollo,"Elige tu McCombo de hamburguesa con pattie 100% pechuga de pollo, mayonesa y lechuga 100% colombiana, papas medianas y gaseosa mediana a elegir.",28500.0,28500.0,0.0,False,False,True,e8b8f990-d163-49fb-bbbd-749c1e4e960b.png,McDonald's,"Chapinero Alto, Bogotá"
Rappi,900275448,900427457,McDonalds Turbo,Lou - Mcdonald's Lourdes Turbo,"MCDONALDS TURBO Cra. 13 #63-48, Bogota, Colombia",True,0.0,20,0.0,257057,McCombo Turbo,4,3762320,McCombo mediano Chicken McNuggets 10 pzas,"Elige tu McCombo de 10 piezas de pollo apanado 100% pechuga, acompañados de papas medianas y gaseosa mediana a elegir.",33500.0,33500.0,0.0,False,False,True,5833086c-9753-4df7-a412-e64ec5e90d65.png,McDonald's,"Chapinero Alto, Bogotá"
Rappi,900275448,900427457,McDonalds Turbo,Lou - Mcdonald's Lourdes Turbo,"MCDONALDS TURBO Cra. 13 #63-48, Bogota, Colombia",True,0.0,20,0.0,257057,McCombo Turbo,4,3762519,McCombo mediano Chicken McNuggets de 20 pzas,"Elige tu McCombo de 20 piezas de pollo apanado 100% pechuga, acompañados de papas medianas y gaseosa mediana a elegir.",58500.0,58500.0,0.0,False,False,True,0838d145-9e92-4853-b0a2-1d9736b10ab2.png,McDonald's,"Chapinero Alto, Bogotá"
Rappi,900275448,900427457,McDonalds Turbo,Lou - Mcdonald's Lourdes Turbo,"MCDONALDS TURBO Cra. 13 #63-48, Bogota, Colombia",True,0.0,20,0.0,257057,McCombo Turbo,4,3762212,McCombo Mediano Pollo McCrispy Tocineta Dulce,"Elige tu McCombo mediano de hamburguesa con un filete de pechuga de pollo de 125gr, salsa tocineta dulce, cebolla fresca, tocineta, pepinillos queso cheddar y mayonesa, acompañado de papas medianas y gaseosa mediana a elegir.",39500.0,39500.0,0.0,False,False,True,71dab1c4-144f-4fe0-9cdd-c0fed5872f45.png,McDonald's,"Chapinero Alto, Bogotá"
Rappi,900275448,900427457,McDonalds Turbo,Lou - Mcdonald's Lourdes Turbo,"MCDONALDS TURBO Cra. 13 #63-48, Bogota, Colombia",True,0.0,20,0.0,257057,McCombo Turbo,4,3762409,McCombo mediano Pollo McCrispy Bacon Ranch,"Elige tu McCombo de hamburguesa con un filete 100% de pechuga de pollo de 125gr, salsa Ranch, tocineta, lechuga y tomate 100% colombianos, papas medianas y gaseosa mediana a elegir.",36500.0,36500.0,0.0,False,False,True,1ef10726-8356-4ed4-989b-b101d3d1b872.png,McDonald's,"Chapinero Alto, Bogotá"
Rappi,900275448,900427457,McDonalds Turbo,Lou - Mcdonald's Lourdes Turbo,"MCDONALDS TURBO Cra. 13 #63-48, Bogota, Colombia",True,0.0,20,0.0,257057,McCombo Turbo,4,3762263,McCombo grande Big Mac,"Elige tu McCombo con hamburguesa con dos carnes 100% de res de 50gr c/u, cebolla y lechuga 100 % colombianas, pepinillos, queso cheddar, pan en el centro y nuestra salsa especial Big Mac con papas grandes y gaseosa grande a elegir.",34500.0,34500.0,0.0,False,False,True,2d0c17a0-ce61-4371-adeb-e63d1834d37d.png,McDonald's,"Chapinero Alto, Bogotá"
Rappi,900275448,900427457,McDonalds Turbo,Lou - Mcdonald's Lourdes Turbo,"MCDONALDS TURBO Cra. 13 #63-48, Bogota, Colombia",True,0.0,20,0.0,257057,McCombo Turbo,4,3762392,McCombo Grande Big Mac Bacon,"Elige tu McCombo de Hamburguesa con dos carnes 100% de res de 50gr c/u, tocineta cebolla, pepinillos, lechuga, queso cheddar, pan en el centro y nuesta salsa especial Big Mac con papas grandes y gaseosa grande a eleccion..",38500.0,38500.0,0.0,False,False,True,ce285c9f-b73d-4762-92eb-12f971f10dbc.png,McDonald's,"Chapinero Alto, Bogotá"
Rappi,900275448,900427457,McDonalds Turbo,Lou - Mcdonald's Lourdes Turbo,"MCDONALDS TURBO Cra. 13 #63-48, Bogota, Colombia",True,0.0,20,0.0,257057,McCombo Turbo,4,3762342,McCombo Grande Doble Big Mac,"Elige tu McCombo de Hamburguesa con cuatro carnes 100% de res de 50gr c/u, cebolla, pepinillos, lechuga, queso cheddar, pan en el centro y nuesta salsa especial Big Mac con papas grandes y gaseosa grande a eleccion.",41500.0,41500.0,0.0,False,False,True,9a8d2e10-4687-40bc-9bd4-84a5f3a11f3c.png,McDonald's,"Chapinero Alto, Bogotá"
Rappi,900275448,900427457,McDonalds Turbo,Lou - Mcdonald's Lourdes Turbo,"MCDONALDS TURBO Cra. 13 #63-48, Bogota, Colombia",True,0.0,20,0.0,257057,McCombo Turbo,4,3762189,McCombo Grande Doble Big Mac Bacon,"Elige tu McCombo de Hamburguesa con cuatro carnes 100% de res de 50gr c/u, tocineta, cebolla, pepinillos, lechuga, queso cheddar, pan en el centro y nuesta salsa especial Big Mac con papas grandes y gaseosa grande a eleccion.",44500.0,44500.0,0.0,False,False,True,bd59dc22-e830-486f-b94e-87465cc52a71.png,McDonald's,"Chapinero Alto, Bogotá"
Rappi,900275448,900427457,McDonalds Turbo,Lou - Mcdonald's Lourdes Turbo,"MCDONALDS TURBO Cra. 13 #63-48, Bogota, Colombia",True,0.0,20,0.0,257057,McCombo Turbo,4,3762542,McCombo grande Cuarto de Libra con Queso,"Elige tu McCombo de hamburguesa con carne 100% de res de 125gr, cebolla 100% colombiana, pepinillos, queso cheddar, salsa de tomate y mostaza con papas grandes y gaseosa grande a elegir.",38500.0,38500.0,0.0,False,False,True,13331c60-06d9-418a-81bb-5556de4275a7.png,McDonald's,"Chapinero Alto, Bogotá"
Rappi,900275448,900427457,McDonalds Turbo,Lou - Mcdonald's Lourdes Turbo,"MCDONALDS TURBO Cra. 13 #63-48, Bogota, Colombia",True,0.0,20,0.0,257057,McCombo Turbo,4,3762433,McCombo grande Doble Cuarto de Libra con Queso,"Elige tu McCombo de hamburguesa con dos carnes 100% de res de 125gr c/u, cebolla 100% colombiana, pepinillos, queso cheddar, salsa de tomate y mostaza con papas grandes y gaseosa grande a elegir.",44900.0,44900.0,0.0,False,False,True,5ed7731e-ea97-4e8b-b410-0fce1849cad5.png,McDonald's,"Chapinero Alto, Bogotá"
Rappi,900275448,900427457,McDonalds Turbo,Lou - Mcdonald's Lourdes Turbo,"MCDONALDS TURBO Cra. 13 #63-48, Bogota, Colombia",True,0.0,20,0.0,257057,McCombo Turbo,4,3762380,McCombo mediano Cuarto de Libra con Queso,"Elige tu McCombo de hamburguesa con carne de res de 125gr, cebolla 100% colombiana, pepinillos, queso cheddar, salsa de tomate y mostaza con papas medianas y gaseosa mediana a elegir.",35500.0,35500.0,0.0,False,False,True,0251cd98-5f85-4941-923e-df128ace3e42.png,McDonald's,"Chapinero Alto, Bogotá"
Rappi,900275448,900427457,McDonalds Turbo,Lou - Mcdonald's Lourdes Turbo,"MCDONALDS TURBO Cra. 13 #63-48, Bogota, Colombia",True,0.0,20,0.0,257057,McCombo Turbo,4,3762486,McCombo mediano Doble Cuarto de Libra con Queso,"Elige tu McCombo de hamburguesa con dos carnes 100% de res de 125gr c/u, cebolla 100% colombiana, pepinillos, doble queso cheddar, salsa de tomate y mostaza con papas medianas y gaseosa mediana a elegir.",41900.0,41900.0,0.0,False,False,True,3bea40ee-0654-461e-8057-214d72d7438a.png,McDonald's,"Chapinero Alto, Bogotá"
Rappi,900275448,900427457,McDonalds Turbo,Lou - Mcdonald's Lourdes Turbo,"MCDONALDS TURBO Cra. 13 #63-48, Bogota, Colombia",True,0.0,20,0.0,257057,McCombo Turbo,4,3762501,McCombo grande McBacon,"Elige tu McCombo de hamburguesa con dos carnes 100% de res de 50gr c/u, tocineta y cebolla 100% colombiana, queso cheddar, salsa de tomate y mostaza con papas grandes y gaseosa grande a elegir",34500.0,34500.0,0.0,False,False,True,b5e966ae-add8-4e94-813e-4cd98b23fab9.png,McDonald's,"Chapinero Alto, Bogotá"
Rappi,900275448,900427457,McDonalds Turbo,Lou - Mcdonald's Lourdes Turbo,"MCDONALDS TURBO Cra. 13 #63-48, Bogota, Colombia",True,0.0,20,0.0,257057,McCombo Turbo,4,3762504,McCombo grande Triple Hamburguesa con Queso,"Elige tu McCombo de hamburguesa con tres carnes 100% de res de 50gr c/u, doble queso cheddar, cebolla 100% colombiana, pepinillos, salsa de tomate y mostaza con papas grandes y gaseosa grande a elegir.",32900.0,32900.0,0.0,False,False,True,2e768377-dad8-4e86-9eae-ea70704483ca.png,McDonald's,"Chapinero Alto, Bogotá"
Rappi,900275448,900427457,McDonalds Turbo,Lou - Mcdonald's Lourdes Turbo,"MCDONALDS TURBO Cra. 13 #63-48, Bogota, Colombia",True,0.0,20,0.0,257057,McCombo Turbo,4,3762266,McCombo grande Doble Hamburguesa con Queso,"Elige tu McCombo de hamburguesa con dos carnes de 50gr c/u, doble quesoo cheddar, cebolla, pepinillos, salsa de tomate y mostaza con papas grandes y gaseosa grande a elegir",29900.0,29900.0,0.0,False,False,True,2cf7ae00-62cc-45ab-a65c-889be48292c6.png,McDonald's,"Chapinero Alto, Bogotá"
Rappi,900275448,900427457,McDonalds Turbo,Lou - Mcdonald's Lourdes Turbo,"MCDONALDS TURBO Cra. 13 #63-48, Bogota, Colombia",True,0.0,20,0.0,257057,McCombo Turbo,4,3762279,McCombo grande McNífica,"Elige tu McCombo de hamburguesa con carne 100% de res de 125 gr, queso blanco, cebolla, tomate y lechuga 100% colombianos, salsa de tomate, mayonesa y mostaza con papas grandes y gaseosa grande a elegir",35500.0,35500.0,0.0,False,False,True,af315810-3181-41c2-93db-d81aced90fdf.png,McDonald's,"Chapinero Alto, Bogotá"
Rappi,900275448,900427457,McDonalds Turbo,Lou - Mcdonald's Lourdes Turbo,"MCDONALDS TURBO Cra. 13 #63-48, Bogota, Colombia",True,0.0,20,0.0,257057,McCombo Turbo,4,3762244,McCombo grande McNífica Doble,"Elige tu McCombo de hamburguesa con dos carnes 100% de res de 125 gr c/u, queso blanco, cebolla, tomate y lechuga 100% colombianos, salsa de tomate, mayonesa y mostaza con papas grandes y gaseosa grande a elegir",43900.0,43900.0,0.0,False,False,True,de4f2323-630f-43ae-bf13-5c39d4b57ffb.png,McDonald's,"Chapinero Alto, Bogotá"
Rappi,900275448,900427457,McDonalds Turbo,Lou - Mcdonald's Lourdes Turbo,"MCDONALDS TURBO Cra. 13 #63-48, Bogota, Colombia",True,0.0,20,0.0,257057,McCombo Turbo,4,3762383,McCombo Grande Super Cheddar Lover,"LLeva una(1) hamburguesa super Cheddar Lover , unas(1) papas grandes , y una(1) gaseosa grande(22oz) a eleccion",50500.0,50500.0,0.0,False,False,True,5a826f3b-ab98-4de5-8701-d9cc6a4e0755.png,McDonald's,"Chapinero Alto, Bogotá"
Rappi,900275448,900427457,McDonalds Turbo,Lou - Mcdonald's Lourdes Turbo,"MCDONALDS TURBO Cra. 13 #63-48, Bogota, Colombia",True,0.0,20,0.0,257057,McCombo Turbo,4,3762449,McCombo grande McPollo,"Elige tu McCombo de hamburguesa con pattie 100% pechuga de pollo, mayonesa y lechuga 100% colombiana, con papas grandes y gaseosa grande a elegir.",31500.0,31500.0,0.0,False,False,True,42113b97-a380-4b0e-9b25-5300eeff4dff.png,McDonald's,"Chapinero Alto, Bogotá"
Rappi,900275448,900427457,McDonalds Turbo,Lou - Mcdonald's Lourdes Turbo,"MCDONALDS TURBO Cra. 13 #63-48, Bogota, Colombia",True,0.0,20,0.0,257057,McCombo Turbo,4,3762345,McCombo grande Chicken McNuggets de 10 pzas,"Elige tu McCombo de 10 piezas de pollo apanado 100% pechuga, acompañados de papas grandes y gaseosa grande a elegir.",36500.0,36500.0,0.0,False,False,True,ef65be67-e5de-4a94-a856-a95133690e81.png,McDonald's,"Chapinero Alto, Bogotá"
Rappi,900275448,900427457,McDonalds Turbo,Lou - Mcdonald's Lourdes Turbo,"MCDONALDS TURBO Cra. 13 #63-48, Bogota, Colombia",True,0.0,20,0.0,257057,McCombo Turbo,4,3762475,McCombo grande Chicken McNuggets de 20 pzas,"Elige tu McCombo de 20 piezas de pollo apanado 100% pechuga, acompañados de papas garndes y gaseosa grande a elegir.",61500.0,61500.0,0.0,False,False,True,1b9b94e1-bbdd-4b99-bdc7-d56ed2d99bd1.png,McDonald's,"Chapinero Alto, Bogotá"
Rappi,900275448,900427457,McDonalds Turbo,Lou - Mcdonald's Lourdes Turbo,"MCDONALDS TURBO Cra. 13 #63-48, Bogota, Colombia",True,0.0,20,0.0,257057,McCombo Turbo,4,3762581,McCombo Grande McCrispy Tocineta Dulce,"Elige tu McCombo grande de hamburguesa con un filete de pechuga de pollo de 125gr, salsa tocineta dulce, cebolla fresca, tocineta, pepinillos queso cheddar y mayonesa, acompañado de papas grandes y gaseosa grande a elegir.",42500.0,42500.0,0.0,False,False,True,741772a9-ec2e-40c2-9596-5465803314ef.png,McDonald's,"Chapinero Alto, Bogotá"
Rappi,900275448,900427457,McDonalds Turbo,Lou - Mcdonald's Lourdes Turbo,"MCDONALDS TURBO Cra. 13 #63-48, Bogota, Colombia",True,0.0,20,0.0,257057,McCombo Turbo,4,3762230,McCombo grande Pollo McCrispy Bacon Ranch,"Elige tu McCombo de hamburguesa con un filete 100% de pechuga de pollo de 125gr, salsa Ranch, tocineta, lechuga y tomate 100% colombianos, con papas grandes y gaseosa grande a elegir.",39500.0,39500.0,0.0,False,False,True,1f12c759-ef08-4fdf-be55-0eed6a8c6414.png,McDonald's,"Chapinero Alto, Bogotá"
Rappi,900275448,900427457,McDonalds Turbo,Lou - Mcdonald's Lourdes Turbo,"MCDONALDS TURBO Cra. 13 #63-48, Bogota, Colombia",True,0.0,20,0.0,257057,McCombo Turbo,4,3762322,McCombo grande Pollo McCrispy Deluxe,"Elige tu McCombo de hamburguesa con un filete 100% de pechuga de pollo de 125gr, mayonesa, lechuga y tomate 100% colombianos, con papas grandes y gaseosa grande a elegir.",37900.0,37900.0,0.0,False,False,True,29b6e644-55a5-4115-8fd9-9278461fd1ca.png,McDonald's,"Chapinero Alto, Bogotá"
Rappi,900275448,900427457,McDonalds Turbo,Lou - Mcdonald's Lourdes Turbo,"MCDONALDS TURBO Cra. 13 #63-48, Bogota, Colombia",True,0.0,20,0.0,257058,Para acompañar - Turbo,5,3762593,Papas pequeñas,Papas 100% naturales pequeñas.,8500.0,8500.0,0.0,False,False,False,50ff73fd-9b6e-49c3-9f72-f266f03ed620.png,McDonald's,"Chapinero Alto, Bogotá"
Rappi,900275448,900427457,McDonalds Turbo,Lou - Mcdonald's Lourdes Turbo,"MCDONALDS TURBO Cra. 13 #63-48, Bogota, Colombia",True,0.0,20,0.0,257058,Para acompañar - Turbo,5,3762559,Papas medianas,Papas 100% naturales medianas.,10500.0,10500.0,0.0,False,False,False,97e11ac4-d32c-4d37-9918-dde60ed9e66d.png,McDonald's,"Chapinero Alto, Bogotá"
Rappi,900275448,900427457,McDonalds Turbo,Lou - Mcdonald's Lourdes Turbo,"MCDONALDS TURBO Cra. 13 #63-48, Bogota, Colombia",True,0.0,20,0.0,257058,Para acompañar - Turbo,5,3762224,Papas grandes,Papas 100% naturales grandes.,12500.0,12500.0,0.0,False,False,True,d1124677-297f-4935-bdef-6cb127eb7045.png,McDonald's,"Chapinero Alto, Bogotá"
Rappi,900275448,900427457,McDonalds Turbo,Lou - Mcdonald's Lourdes Turbo,"MCDONALDS TURBO Cra. 13 #63-48, Bogota, Colombia",True,0.0,20,0.0,257059,Hamburguesas - Turbo,6,3762602,Hamburguesa,"Hamburguesa con carne de res de 50gr, cebolla 100% colombiana, pepinillos, salsa de tomate y mostaza.",9900.0,9900.0,0.0,False,False,True,118898c2-d973-4fa5-9a8b-04bcc55b83d0.png,McDonald's,"Chapinero Alto, Bogotá"
Rappi,900275448,900427457,McDonalds Turbo,Lou - Mcdonald's Lourdes Turbo,"MCDONALDS TURBO Cra. 13 #63-48, Bogota, Colombia",True,0.0,20,0.0,257059,Hamburguesas - Turbo,6,3762247,Hamburguesa con Queso,"Hamburguesa con carne 100% de res de 50gr, queso cheddar, cebolla 100% colombiana, pepinillos, salsa de tomate y mostaza.",12500.0,12500.0,0.0,False,False,True,d995384b-3102-4089-8003-3782085f35f2.png,McDonald's,"Chapinero Alto, Bogotá"
Rappi,900275448,900427457,McDonalds Turbo,Lou - Mcdonald's Lourdes Turbo,"MCDONALDS TURBO Cra. 13 #63-48, Bogota, Colombia",True,0.0,20,0.0,257059,Hamburguesas - Turbo,6,3762348,Mcfiesta,"Hamburguesa con carne 100% de res de 50gr, ketchup, lechuga y tomate 100% colombianos.",12500.0,12500.0,0.0,False,False,True,c86a71aa-d641-4fb0-9de7-1d816f748e45.png,McDonald's,"Chapinero Alto, Bogotá"
Rappi,900275448,900427457,McDonalds Turbo,Lou - Mcdonald's Lourdes Turbo,"MCDONALDS TURBO Cra. 13 #63-48, Bogota, Colombia",True,0.0,20,0.0,257059,Hamburguesas - Turbo,6,3762469,Big Mac,"Hamburguesa con dos carnes 100% de res de 50gr c/u, cebolla y lechuga 100% colombianas, pepinillos, queso cheddar, pan en el centro y nuestra salsa especial Big Mac.",26500.0,26500.0,0.0,False,False,True,3ef5e934-c43f-415d-a471-5e47d9d26434.png,McDonald's,"Chapinero Alto, Bogotá"
Rappi,900275448,900427457,McDonalds Turbo,Lou - Mcdonald's Lourdes Turbo,"MCDONALDS TURBO Cra. 13 #63-48, Bogota, Colombia",True,0.0,20,0.0,257059,Hamburguesas - Turbo,6,3762478,Big Mac Bacon,"Hamburguesa con dos carnes 100% de res de 50gr c/u, Tocineta, cebolla , pepinillos, lechuga, queso cheddar, pan en el centro y nuestra salsa especial Big Mac.",30500.0,30500.0,0.0,False,False,True,181d2bbc-5bd1-42c3-b335-f34aacafb661.png,McDonald's,"Chapinero Alto, Bogotá"
Rappi,900275448,900427457,McDonalds Turbo,Lou - Mcdonald's Lourdes Turbo,"MCDONALDS TURBO Cra. 13 #63-48, Bogota, Colombia",True,0.0,20,0.0,257059,Hamburguesas - Turbo,6,3762281,Doble Big Mac,"Hamburguesa con cuatro carnes 100% de res de 50gr c/u, cebolla , pepinillos, lechuga, queso cheddar, pan en el centro y nuestra salsa especial Big Mac.",33500.0,33500.0,0.0,False,False,True,78f469a9-eed4-4385-9676-0eb067ef844c.png,McDonald's,"Chapinero Alto, Bogotá"
Rappi,900275448,900427457,McDonalds Turbo,Lou - Mcdonald's Lourdes Turbo,"MCDONALDS TURBO Cra. 13 #63-48, Bogota, Colombia",True,0.0,20,0.0,257059,Hamburguesas - Turbo,6,3762489,Doble Big Mac Bacon,"Hamburguesa con cuatro carnes 100% de res de 50gr c/u, Tocineta, cebolla , pepinillos, lechuga, queso cheddar, pan en el centro y nuestra salsa especial Big Mac.",36500.0,36500.0,0.0,False,False,True,9cdc43fa-fcb8-4cba-aa66-ad7051c9cb2e.png,McDonald's,"Chapinero Alto, Bogotá"
Rappi,900275448,900427457,McDonalds Turbo,Lou - Mcdonald's Lourdes Turbo,"MCDONALDS TURBO Cra. 13 #63-48, Bogota, Colombia",True,0.0,20,0.0,257059,Hamburguesas - Turbo,6,3762194,Cuarto de Libra con Queso,"Hamburguesa con carne 100% de res de 125gr, doble queso cheddar, pepinillos, cebolla 100% colombiana, salsa de tomate y mostaza.",28900.0,28900.0,0.0,False,False,True,7e3f42af-bd41-4167-98e3-cf4f9730859d.png,McDonald's,"Chapinero Alto, Bogotá"
Rappi,900275448,900427457,McDonalds Turbo,Lou - Mcdonald's Lourdes Turbo,"MCDONALDS TURBO Cra. 13 #63-48, Bogota, Colombia",True,0.0,20,0.0,257059,Hamburguesas - Turbo,6,3762562,Doble Cuarto de Libra con Queso,"Hamburguesa con dos carnes 100% de res de 125gr c/u, doble queso cheddar, cebolla 100% colombiana, pepinillos, salsa de tomate y mostaza.",36900.0,36900.0,0.0,False,False,True,bef84c9d-dd70-4cb6-8897-4cd9a5889f77.png,McDonald's,"Chapinero Alto, Bogotá"
Rappi,900275448,900427457,McDonalds Turbo,Lou - Mcdonald's Lourdes Turbo,"MCDONALDS TURBO Cra. 13 #63-48, Bogota, Colombia",True,0.0,20,0.0,257059,Hamburguesas - Turbo,6,3762218,McNífica,"Hamburguesa con carne 100% de res de 125gr, queso blanco, cebolla, tomate y lechuga 100% colombianos, salsa de tomate, mayonesa y mostaza.",27500.0,27500.0,0.0,False,False,True,07bdf185-b857-4c89-aeaf-bcc714a8b6df.png,McDonald's,"Chapinero Alto, Bogotá"
Rappi,900275448,900427457,McDonalds Turbo,Lou - Mcdonald's Lourdes Turbo,"MCDONALDS TURBO Cra. 13 #63-48, Bogota, Colombia",True,0.0,20,0.0,257059,Hamburguesas - Turbo,6,3762293,Doble McNífica,"Hamburguesa con dos carnes 100% de res de 125gr c/u, queso blanco, cebolla, tomate y lechuga 100% colombianos, salsa de tomate, mayonesa y mostaza.",35900.0,35900.0,0.0,False,False,True,593ac448-b3da-4011-b5bd-53439334abb7.png,McDonald's,"Chapinero Alto, Bogotá"
Rappi,900275448,900427457,McDonalds Turbo,Lou - Mcdonald's Lourdes Turbo,"MCDONALDS TURBO Cra. 13 #63-48, Bogota, Colombia",True,0.0,20,0.0,257059,Hamburguesas - Turbo,6,3762527,McBacon,"Hamburguesa con dos carnes 100% de res de 50gr c/u, tocineta y cebolla 100% colombiana, queso cheddar, salsa de tomate y mostaza.",26500.0,26500.0,0.0,False,False,True,85b93981-94b8-4c43-9a14-b15968865d06.png,McDonald's,"Chapinero Alto, Bogotá"
Rappi,900275448,900427457,McDonalds Turbo,Lou - Mcdonald's Lourdes Turbo,"MCDONALDS TURBO Cra. 13 #63-48, Bogota, Colombia",True,0.0,20,0.0,257059,Hamburguesas - Turbo,6,3762269,Doble Hamburguesa con Queso,"Hamburguesa con doble carne 100% de res de 50gr c/u, queso cheddar, cebolla 100% colombiana, pepinillos, salsa de tomate y mostaza.",16900.0,16900.0,0.0,False,False,True,c0915d07-a8b4-4d0a-9c9e-a918bc2f4bdc.png,McDonald's,"Chapinero Alto, Bogotá"
Rappi,900275448,900427457,McDonalds Turbo,Lou - Mcdonald's Lourdes Turbo,"MCDONALDS TURBO Cra. 13 #63-48, Bogota, Colombia",True,0.0,20,0.0,257059,Hamburguesas - Turbo,6,3762250,Triple Hamburguesa con Queso,"Hamburguesa con tres carnes 100% de res de 50gr c/u, dos queso cheddar, cebolla 100% colombiana, pepinillos, salsa de tomate y mostaza.",24900.0,24900.0,0.0,False,False,True,37274c26-ef5e-4bc5-b41c-ca5847d107fa.png,McDonald's,"Chapinero Alto, Bogotá"
Rappi,900275448,900427457,McDonalds Turbo,Lou - Mcdonald's Lourdes Turbo,"MCDONALDS TURBO Cra. 13 #63-48, Bogota, Colombia",True,0.0,20,0.0,257059,Hamburguesas - Turbo,6,3762492,Super Cheddar Lover,Lleva una(1) hamburguesa super Cheddar Lover,41500.0,41500.0,0.0,False,False,False,3d943bdb-b242-477e-983d-df5f65d77351.png,McDonald's,"Chapinero Alto, Bogotá"
Rappi,900275448,900427457,McDonalds Turbo,Lou - Mcdonald's Lourdes Turbo,"MCDONALDS TURBO Cra. 13 #63-48, Bogota, Colombia",True,0.0,20,0.0,257059,Hamburguesas - Turbo,6,3762351,McPollo,"Hamburguesa con pattie 100% pechuga de pollo, mayonesa y lechuga 100% colombiana.",23500.0,23500.0,0.0,False,False,True,8c38a0c5-ff7f-4d32-a1f1-f744dfdb6e7b.png,McDonald's,"Chapinero Alto, Bogotá"
Rappi,900275448,900427457,McDonalds Turbo,Lou - Mcdonald's Lourdes Turbo,"MCDONALDS TURBO Cra. 13 #63-48, Bogota, Colombia",True,0.0,20,0.0,257059,Hamburguesas - Turbo,6,3762359,Pollo McCrispy Tocineta Dulce,"Elige tu hamburguesa con un filete de pechuga de pollo de 125gr, salsa tocineta dulce, cebolla fresca, tocineta, pepinillos queso cheddar y mayonesa.",34500.0,34500.0,0.0,False,False,True,8b9e093f-92a6-4d37-b19e-453807983694.png,McDonald's,"Chapinero Alto, Bogotá"
Rappi,900275448,900427457,McDonalds Turbo,Lou - Mcdonald's Lourdes Turbo,"MCDONALDS TURBO Cra. 13 #63-48, Bogota, Colombia",True,0.0,20,0.0,257059,Hamburguesas - Turbo,6,3762495,Pollo McCrispy Bacon Ranch,"Hamburguesa con un filete 100% de pechuga de pollo de 125gr, salsa Ranch, tocineta, lechuga y tomate 100% colombianos.",31500.0,31500.0,0.0,False,False,True,79a468d9-5438-437a-ae54-801bfd2c1bce.png,McDonald's,"Chapinero Alto, Bogotá"
Rappi,900275448,900427457,McDonalds Turbo,Lou - Mcdonald's Lourdes Turbo,"MCDONALDS TURBO Cra. 13 #63-48, Bogota, Colombia",True,0.0,20,0.0,257059,Hamburguesas - Turbo,6,3762197,Pollo McCrispy Legend 1 Pechuga,"Hamburguesa de 100% pechuga de pollo de 125gr, salsa CBO, cebolla crispy, tpcineta, queso blanco y lechuga.",34500.0,34500.0,0.0,False,False,True,053de678-b1d2-4bdb-bc61-be795cef3904.png,McDonald's,"Chapinero Alto, Bogotá"
Rappi,900275448,900427457,McDonalds Turbo,Lou - Mcdonald's Lourdes Turbo,"MCDONALDS TURBO Cra. 13 #63-48, Bogota, Colombia",True,0.0,20,0.0,257059,Hamburguesas - Turbo,6,3762296,Pollo McCrispy Deluxe,"Hamburguesa hamburguesa con un filete 100% de pechuga de pollo de 125gr, mayonesa, lechuga y tomate 100% colombianos.",29900.0,29900.0,0.0,False,False,True,06392db8-eea5-4fd5-a64f-2177051ff386.png,McDonald's,"Chapinero Alto, Bogotá"
Rappi,900275448,900427457,McDonalds Turbo,Lou - Mcdonald's Lourdes Turbo,"MCDONALDS TURBO Cra. 13 #63-48, Bogota, Colombia",True,0.0,20,0.0,257060,Cajita Feliz - Turbo,7,3762200,Cajita Feliz Hamburguesa,"Elige tu Cajita Feliz™ con Hamburguesa Sencilla con carne 100% de res de 50gr, salsa de tomate, mostaza, cebolla triturada y pepinillos con papas kids, jugo Del Valle Moraah, cascos de manzana y juguete.",24900.0,24900.0,0.0,False,False,True,84bb70e5-e8d0-47da-8af2-0a21f637c621.png,McDonald's,"Chapinero Alto, Bogotá"
Rappi,900275448,900427457,McDonalds Turbo,Lou - Mcdonald's Lourdes Turbo,"MCDONALDS TURBO Cra. 13 #63-48, Bogota, Colombia",True,0.0,20,0.0,257060,Cajita Feliz - Turbo,7,3762362,Cajita Feliz Hamburguesa con Queso,"Elige tu Cajita Feliz™ con Hamburguesa Con Queso con carne 100% de res de 50gr, salsa de tomate, mostaza, cebolla triturada y pepinillos con papas kids, jugo Del Valle Moraah, cascos de manzana y juguete.",24900.0,24900.0,0.0,False,False,True,bff5d1f9-f785-4ac9-9bf8-c3f1a511d87e.png,McDonald's,"Chapinero Alto, Bogotá"
Rappi,900275448,900427457,McDonalds Turbo,Lou - Mcdonald's Lourdes Turbo,"MCDONALDS TURBO Cra. 13 #63-48, Bogota, Colombia",True,0.0,20,0.0,257060,Cajita Feliz - Turbo,7,3762436,Chicken McNuggets 6 Pzas,"Elige tu Cajita Feliz con 6 piezas de nuggets 100% de pechuga de pollo apanadas con papas kids, jugo Del Valle Moraah, cascos de Manzana y juguete.",27900.0,27900.0,0.0,False,False,True,bc7f007f-9a0c-454d-88e0-c4a0505e8e0a.png,McDonald's,"Chapinero Alto, Bogotá"
Rappi,900275448,900427457,McDonalds Turbo,Lou - Mcdonald's Lourdes Turbo,"MCDONALDS TURBO Cra. 13 #63-48, Bogota, Colombia",True,0.0,20,0.0,257060,Cajita Feliz - Turbo,7,3762371,Cajita Feliz Chicken McNuggets 4 pzas,"Elige tu Cajita Feliz™ con 4 piezas de nuggets 100% de pechuga de pollo apanadas con papas kids, jugo Del Valle Moraah, cascos de manzana y juguete.",24900.0,24900.0,0.0,False,False,True,fcdd2b4a-c924-441a-9d4d-de150d5eee6b.png,McDonald's,"Chapinero Alto, Bogotá"
Rappi,900275448,900427457,McDonalds Turbo,Lou - Mcdonald's Lourdes Turbo,"MCDONALDS TURBO Cra. 13 #63-48, Bogota, Colombia",True,0.0,20,0.0,257060,Cajita Feliz - Turbo,7,3762605,Cajita Feliz McFiesta Jr,"Elige tu Cajita Feliz™ con McFiesta Jr con carne 100% de res de 50gr, salsa de tomate, lechuga y tomate con papas kids, jugo Del Valle Moraah, cascos de manzana y juguete.",24900.0,24900.0,0.0,False,False,True,037dd446-80e9-4ae5-87a8-6009dbc47c06.png,McDonald's,"Chapinero Alto, Bogotá"
Rappi,900275448,900427457,McDonalds Turbo,Lou - Mcdonald's Lourdes Turbo,"MCDONALDS TURBO Cra. 13 #63-48, Bogota, Colombia",True,0.0,20,0.0,257061,Signature Collection -Turbo,8,3762308,McCombo mediano Crispy Onion Barbecue 2 Carnes,"Elige tu McCombo con hamburguesa con doble carne 100% de res de 125 gr c/u y salsa barbecue, tocineta, cebolla crispy y grillada 100% colombiana, queso blanco con papas medianas y gaseosa mediana a elegir.",44500.0,44500.0,0.0,False,False,True,019ee25b-9019-4276-b2fe-1176c2172982.png,McDonald's,"Chapinero Alto, Bogotá"
Rappi,900275448,900427457,McDonalds Turbo,Lou - Mcdonald's Lourdes Turbo,"MCDONALDS TURBO Cra. 13 #63-48, Bogota, Colombia",True,0.0,20,0.0,257061,Signature Collection -Turbo,8,3762411,McCombo mediano Crispy Onion Barbecue 1 Carne,"Elige tu McCombo con hamburguesa con carne 100% de res de 125 gr c/u y salsa barbecue, tocineta, cebolla crispy y grillada 100% colombiana, queso blanco con papas medianas y gaseosa mediana a elegir.",40900.0,40900.0,0.0,False,False,True,77c714d6-2d05-493e-8f33-c66711864ca7.png,McDonald's,"Chapinero Alto, Bogotá"
Rappi,900275448,900427457,McDonalds Turbo,Lou - Mcdonald's Lourdes Turbo,"MCDONALDS TURBO Cra. 13 #63-48, Bogota, Colombia",True,0.0,20,0.0,257061,Signature Collection -Turbo,8,3762596,McCombo mediano Club House 2 Carnes,"Elige tu McCombo con hamburguesa con doble carne 100% de res de 125gr c/u y salsa especial, lechuga, tomate, tocineta, cebolla grillada 100% colombiana, queso blanco con papas medianas y gaseosa mediana a elegir.",45500.0,45500.0,0.0,False,False,True,63d7f62e-b764-4297-bd8c-6795f67734f1.png,McDonald's,"Chapinero Alto, Bogotá"
Rappi,900275448,900427457,McDonalds Turbo,Lou - Mcdonald's Lourdes Turbo,"MCDONALDS TURBO Cra. 13 #63-48, Bogota, Colombia",True,0.0,20,0.0,257061,Signature Collection -Turbo,8,3762386,McCombo mediano Club House 1 Carne,"Elige tu McCombo con hamburguesa con carne 100% de res de 125gr c/u y salsa especial, lechuga, tomate, tocineta, cebolla grillada 100% colombiana, queso blanco con papas medianas y gaseosa mediana a elegir.",40900.0,40900.0,0.0,False,False,True,4b3d4b83-1ede-466c-9158-1a4d6b8b9510.png,McDonald's,"Chapinero Alto, Bogotá"
Rappi,900275448,900427457,McDonalds Turbo,Lou - Mcdonald's Lourdes Turbo,"MCDONALDS TURBO Cra. 13 #63-48, Bogota, Colombia",True,0.0,20,0.0,257061,Signature Collection -Turbo,8,3762271,McCombo grande Crispy Onion Barbecue 2 Carnes,"Elige tu McCombo con hamburguesa con doble carne 100% de res de 125 gr c/u y salsa barbecue, tocineta, cebolla crispy y grillada 100% colombiana, queso blanco con papas grandes y gaseosa grande a elegir.",47500.0,47500.0,0.0,False,False,True,4088e7d3-59e1-4c5d-b310-2f75c4cb3800.png,McDonald's,"Chapinero Alto, Bogotá"
Rappi,900275448,900427457,McDonalds Turbo,Lou - Mcdonald's Lourdes Turbo,"MCDONALDS TURBO Cra. 13 #63-48, Bogota, Colombia",True,0.0,20,0.0,257061,Signature Collection -Turbo,8,3762452,McCombo grande Crispy Onion Barbecue 1 Carne,"Elige tu McCombo con hamburguesa con carne 100% de res de 125 gr c/u y salsa barbecue, tocineta, cebolla crispy y grillada 100% colombiana, queso blanco con papas grandes y gaseosa grande a elegir.",43900.0,43900.0,0.0,False,False,True,18354fa1-b586-4d1b-8b10-871aa43bd93b.png,McDonald's,"Chapinero Alto, Bogotá"
Rappi,900275448,900427457,McDonalds Turbo,Lou - Mcdonald's Lourdes Turbo,"MCDONALDS TURBO Cra. 13 #63-48, Bogota, Colombia",True,0.0,20,0.0,257061,Signature Collection -Turbo,8,3762325,McCombo grande Club House 2 Carnes,"Elige tu McCombo con hamburguesa con doble carne 100% de res de 125gr c/u y salsa especial, lechuga, tomate, tocineta, cebolla grillada 100% colombiana, queso blanco con papas grandes y gaseosa grande a elegir.",48500.0,48500.0,0.0,False,False,True,24967921-8932-4c52-bd00-c787a503fa70.png,McDonald's,"Chapinero Alto, Bogotá"
Rappi,900275448,900427457,McDonalds Turbo,Lou - Mcdonald's Lourdes Turbo,"MCDONALDS TURBO Cra. 13 #63-48, Bogota, Colombia",True,0.0,20,0.0,257061,Signature Collection -Turbo,8,3762507,McCombo grande Club House 1 Carne,"Elige tu McCombo con hamburguesa con carne 100% de res de 125gr c/u y salsa especial, lechuga, tomate, tocineta, cebolla grillada 100% colombianos, queso blanco con papas grandes y gaseosa grande a elegir.",43900.0,43900.0,0.0,False,False,True,b7040a1a-eba1-48ab-8908-dc87ef4ec2d8.png,McDonald's,"Chapinero Alto, Bogotá"
Rappi,900275448,900427457,McDonalds Turbo,Lou - Mcdonald's Lourdes Turbo,"MCDONALDS TURBO Cra. 13 #63-48, Bogota, Colombia",True,0.0,20,0.0,257061,Signature Collection -Turbo,8,3762545,Crispy Onion Barbecue 2 Carnes,"Hamburguesa con doble carne 100% de res de 125gr c/u y salsa barbecue, tocineta, cebolla crispy y grillada 100% colombiana y queso blanco.",39500.0,39500.0,0.0,False,False,True,a88f32b3-6be3-48a0-9898-71dd2da4bc5a.png,McDonald's,"Chapinero Alto, Bogotá"
Rappi,900275448,900427457,McDonalds Turbo,Lou - Mcdonald's Lourdes Turbo,"MCDONALDS TURBO Cra. 13 #63-48, Bogota, Colombia",True,0.0,20,0.0,257061,Signature Collection -Turbo,8,3762530,Crispy Onion Barbecue 1 Carne,"Hamburguesa con una carne 100% de res de 125gr c/u y salsa barbecue, tocineta, cebolla crispy y grillada 100% colombiana y queso blanco.",35900.0,35900.0,0.0,False,False,True,ff176a5b-a45f-488e-a0f2-c570b7ce1d08.png,McDonald's,"Chapinero Alto, Bogotá"
Rappi,900275448,900427457,McDonalds Turbo,Lou - Mcdonald's Lourdes Turbo,"MCDONALDS TURBO Cra. 13 #63-48, Bogota, Colombia",True,0.0,20,0.0,257061,Signature Collection -Turbo,8,3762395,Club House 2 Carnes,"Hamburguesa con doble carne 100% de res de 125gr c/u y salsa especial, lechuga, tomate, y cebolla grillada 100% colombianos, tocineta y queso blanco.",40500.0,40500.0,0.0,False,False,True,e839355d-45cc-4aba-9874-6ad16d23c25c.png,McDonald's,"Chapinero Alto, Bogotá"
Rappi,900275448,900427457,McDonalds Turbo,Lou - Mcdonald's Lourdes Turbo,"MCDONALDS TURBO Cra. 13 #63-48, Bogota, Colombia",True,0.0,20,0.0,257061,Signature Collection -Turbo,8,3762255,Club House 1 Carne,"Hamburguesa una carne 100% de res de 125gr c/u y salsa especial, lechuga, tomate, y cebolla grillada 100% colombianos, tocineta y queso blanco.",35900.0,35900.0,0.0,False,False,True,66f45f90-13de-4156-af31-54e0904aa080.png,McDonald's,"Chapinero Alto, Bogotá"
Rappi,900275448,900427457,McDonalds Turbo,Lou - Mcdonald's Lourdes Turbo,"MCDONALDS TURBO Cra. 13 #63-48, Bogota, Colombia",True,0.0,20,0.0,257061,Signature Collection -Turbo,8,3762374,McCombo grande Crispy Onion Barbecue 1 Pechuga,"Elige tu McCombo con hamburguesa de 100% de pechuga de pollo de 125gr, salsa BBQ, tocineta, cebolla crispy, cebolla grillada 100% colombiana y queso blanco con papas grandes y gaseosa grande a elegir.",42500.0,42500.0,0.0,False,False,True,df3ec37f-ab7c-4272-b289-2f20baec0f07.png,McDonald's,"Chapinero Alto, Bogotá"
Rappi,900275448,900427457,McDonalds Turbo,Lou - Mcdonald's Lourdes Turbo,"MCDONALDS TURBO Cra. 13 #63-48, Bogota, Colombia",True,0.0,20,0.0,257061,Signature Collection -Turbo,8,3762608,McCombo grande Club House 1 Pechuga,"Elige tu McCombo con hamburguesa de 100% pechuga de pollo de 125gr, salsa especial, lechuga, tomate y cebolla grillada 100% colombianos y queso blanco con papas grandes y gaseosa grande a elegir.",43900.0,43900.0,0.0,False,False,True,b2c8e89e-87de-40de-98f5-fe02cbd63eaa.png,McDonald's,"Chapinero Alto, Bogotá"
Rappi,900275448,900427457,McDonalds Turbo,Lou - Mcdonald's Lourdes Turbo,"MCDONALDS TURBO Cra. 13 #63-48, Bogota, Colombia",True,0.0,20,0.0,257061,Signature Collection -Turbo,8,3762416,McCombo mediano Crispy Onion Barbecue 1 Pechuga,"Elige tu McCombo con hamburguesa de 100% de pechuga de pollo de 125gr, salsa BBQ, tocineta, cebolla crispy, cebolla grillada 100% colombiana y queso blanco con papas medianas y gaseosa mediana a elegir.",39500.0,39500.0,0.0,False,False,True,015b0e25-0710-49aa-9435-a1aca7b2f16a.png,McDonald's,"Chapinero Alto, Bogotá"
Rappi,900275448,900427457,McDonalds Turbo,Lou - Mcdonald's Lourdes Turbo,"MCDONALDS TURBO Cra. 13 #63-48, Bogota, Colombia",True,0.0,20,0.0,257061,Signature Collection -Turbo,8,3762510,McCombo mediano Club House 1 Pechuga,"Elige tu McCombo con hamburguesa de 100% pechuga de pollo de 125gr, salsa especial, lechuga, tomate y cebolla grillada 100% colombianos y queso blanco con papas medianas y gaseosa mediana a elegir.",40500.0,40500.0,0.0,False,False,True,a40ff217-6855-44cd-b7a0-ad5d4b318297.png,McDonald's,"Chapinero Alto, Bogotá"
Rappi,900275448,900427457,McDonalds Turbo,Lou - Mcdonald's Lourdes Turbo,"MCDONALDS TURBO Cra. 13 #63-48, Bogota, Colombia",True,0.0,20,0.0,257061,Signature Collection -Turbo,8,3762273,Crispy Onion Barbecue 1 Pechuga,"Hamburguesa de 100% pechuga de pollo de 125gr, salsa BBQ, tocineta, cebolla crispy, cebolla grillada 100% colombiana y queso blanco.",34900.0,34900.0,0.0,False,False,True,f2f82a9c-2cc0-4421-bffc-c3ed83b212a4.png,McDonald's,"Chapinero Alto, Bogotá"
Rappi,900275448,900427457,McDonalds Turbo,Lou - Mcdonald's Lourdes Turbo,"MCDONALDS TURBO Cra. 13 #63-48, Bogota, Colombia",True,0.0,20,0.0,257061,Signature Collection -Turbo,8,3762329,Club House 1 Pechuga,"Hamburguesa de 100% pechuga de pollo de 125gr, salsa especial, lechuga, tomate y cebolla grillada 100% colombiana y queso blanco.",34900.0,34900.0,0.0,False,False,True,c2f5481e-96ed-456e-a5e6-d243d46a25ca.png,McDonald's,"Chapinero Alto, Bogotá"
Rappi,900275448,900427457,McDonalds Turbo,Lou - Mcdonald's Lourdes Turbo,"MCDONALDS TURBO Cra. 13 #63-48, Bogota, Colombia",True,0.0,20,0.0,257063,Bebidas - Turbo,9,3762258,Coca-Cola mediano,Vaso Coca-Cola Original 16oz,7500.0,7500.0,0.0,False,False,True,44fca47e-55e5-483a-a4ef-511c33cfd25a.png,McDonald's,"Chapinero Alto, Bogotá"
Rappi,900275448,900427457,McDonalds Turbo,Lou - Mcdonald's Lourdes Turbo,"MCDONALDS TURBO Cra. 13 #63-48, Bogota, Colombia",True,0.0,20,0.0,257063,Bebidas - Turbo,9,3762548,Coca-Cola Zero mediano,Vaso Coca-Cola Zero 16oz,7500.0,7500.0,0.0,False,False,True,0984bafa-4094-4d53-9a99-f5649c5b3e90.png,McDonald's,"Chapinero Alto, Bogotá"
Rappi,900275448,900427457,McDonalds Turbo,Lou - Mcdonald's Lourdes Turbo,"MCDONALDS TURBO Cra. 13 #63-48, Bogota, Colombia",True,0.0,20,0.0,257063,Bebidas - Turbo,9,3762398,Sprite mediano,Vaso Sprite Original 16oz,7500.0,7500.0,0.0,False,False,True,c0159b23-8450-4c14-b94f-c0c222f4ee39.png,McDonald's,"Chapinero Alto, Bogotá"
Rappi,900275448,900427457,McDonalds Turbo,Lou - Mcdonald's Lourdes Turbo,"MCDONALDS TURBO Cra. 13 #63-48, Bogota, Colombia",True,0.0,20,0.0,257063,Bebidas - Turbo,9,3762461,Fanta mediano,Vaso Fanta Naranja 16oz,7500.0,7500.0,0.0,False,False,True,40117556-28d3-4170-824f-1c9b6a7a3b2f.png,McDonald's,"Chapinero Alto, Bogotá"
Rappi,900275448,900427457,McDonalds Turbo,Lou - Mcdonald's Lourdes Turbo,"MCDONALDS TURBO Cra. 13 #63-48, Bogota, Colombia",True,0.0,20,0.0,257063,Bebidas - Turbo,9,3762287,QuAtro mediano,Vaso Quatro Mediano,7500.0,7500.0,0.0,False,False,True,387fc62c-f7e3-4145-ba55-0b425b1295d9.png,McDonald's,"Chapinero Alto, Bogotá"
Rappi,900275448,900427457,McDonalds Turbo,Lou - Mcdonald's Lourdes Turbo,"MCDONALDS TURBO Cra. 13 #63-48, Bogota, Colombia",True,0.0,20,0.0,257063,Bebidas - Turbo,9,3762464,Coca-Cola grande,Vaso Coca-Cola Original 22oz,9500.0,9500.0,0.0,False,False,True,b7173c38-3f4b-4cc3-827d-856e71f366e6.png,McDonald's,"Chapinero Alto, Bogotá"
Rappi,900275448,900427457,McDonalds Turbo,Lou - Mcdonald's Lourdes Turbo,"MCDONALDS TURBO Cra. 13 #63-48, Bogota, Colombia",True,0.0,20,0.0,257063,Bebidas - Turbo,9,3762480,Coca-Cola Zero grande,Vaso Coca-Cola Zero 21oz,9500.0,9500.0,0.0,False,False,True,0984bafa-4094-4d53-9a99-f5649c5b3e90.png,McDonald's,"Chapinero Alto, Bogotá"
Rappi,900275448,900427457,McDonalds Turbo,Lou - Mcdonald's Lourdes Turbo,"MCDONALDS TURBO Cra. 13 #63-48, Bogota, Colombia",True,0.0,20,0.0,257063,Bebidas - Turbo,9,3762290,Sprite grande,Vaso Sprite Original 21oz,9500.0,9500.0,0.0,False,False,True,9358f3e0-1c9f-4a08-a9fb-7c3f620885ef.png,McDonald's,"Chapinero Alto, Bogotá"
Rappi,900275448,900427457,McDonalds Turbo,Lou - Mcdonald's Lourdes Turbo,"MCDONALDS TURBO Cra. 13 #63-48, Bogota, Colombia",True,0.0,20,0.0,257063,Bebidas - Turbo,9,3762458,Fanta grande,Vaso Fanta Naranja 21oz,9500.0,9500.0,0.0,False,False,True,11389bca-b91b-4817-9b4f-038228b5dbc6.png,McDonald's,"Chapinero Alto, Bogotá"
Rappi,900275448,900427457,McDonalds Turbo,Lou - Mcdonald's Lourdes Turbo,"MCDONALDS TURBO Cra. 13 #63-48, Bogota, Colombia",True,0.0,20,0.0,257063,Bebidas - Turbo,9,3762203,QuAtro grande,Vaso Quatro Grande,9500.0,9500.0,0.0,False,False,True,bcf7a63c-ddd5-4057-b52c-f6f366757d5f.png,McDonald's,"Chapinero Alto, Bogotá"
Rappi,900275448,900427457,McDonalds Turbo,Lou - Mcdonald's Lourdes Turbo,"MCDONALDS TURBO Cra. 13 #63-48, Bogota, Colombia",True,0.0,20,0.0,257063,Bebidas - Turbo,9,3762419,Jugo de Naranja mediano,Jugo de Naranja 16oz,8500.0,8500.0,0.0,False,False,True,9b170ab0-d510-4f1d-88e1-c35d39747046.png,McDonald's,"Chapinero Alto, Bogotá"
Rappi,900275448,900427457,McDonalds Turbo,Lou - Mcdonald's Lourdes Turbo,"MCDONALDS TURBO Cra. 13 #63-48, Bogota, Colombia",True,0.0,20,0.0,257063,Bebidas - Turbo,9,3762332,Jugo de Naranja grande,Jugo de Naranja 21oz,10500.0,10500.0,0.0,False,False,True,50617c1a-de8e-4f5d-b641-44a302c5174e.png,McDonald's,"Chapinero Alto, Bogotá"
Rappi,900275448,900427457,McDonalds Turbo,Lou - Mcdonald's Lourdes Turbo,"MCDONALDS TURBO Cra. 13 #63-48, Bogota, Colombia",True,0.0,20,0.0,257063,Bebidas - Turbo,9,3762513,Agua Manantial,Agua Manantial sin Gas 600ml,9500.0,9500.0,0.0,False,False,False,4708f028-a09b-4548-bd95-475b01915b4a.png,McDonald's,"Chapinero Alto, Bogotá"
Rappi,900275448,900427457,McDonalds Turbo,Lou - Mcdonald's Lourdes Turbo,"MCDONALDS TURBO Cra. 13 #63-48, Bogota, Colombia",True,0.0,20,0.0,257064,Cajota Familiar - Turbo,10,3762551,Cajota Familiar Feliz para dos,Lleva una (1) Cajita Feliz a elección y un (1) McCombo Clásico mediano a elección.,55500.0,55500.0,0.0,False,False,True,357492eb-3e7c-4cee-a639-333a707ce3e7.png,McDonald's,"Chapinero Alto, Bogotá"
Rappi,900275448,900427457,McDonalds Turbo,Lou - Mcdonald's Lourdes Turbo,"MCDONALDS TURBO Cra. 13 #63-48, Bogota, Colombia",True,0.0,20,0.0,257064,Cajota Familiar - Turbo,10,3762576,Cajota Familiar Feliz Para Tres,Lleva una (1) Cajita Feliz a elección y dos (2) McCombos Clásicos medianos a elección.,85500.0,85500.0,0.0,False,False,True,a089b6d0-5567-4a09-bc3f-e04a379e9420.png,McDonald's,"Chapinero Alto, Bogotá"
Rappi,900275448,900427457,McDonalds Turbo,Lou - Mcdonald's Lourdes Turbo,"MCDONALDS TURBO Cra. 13 #63-48, Bogota, Colombia",True,0.0,20,0.0,257064,Cajota Familiar - Turbo,10,3762311,Cajota Familiar Feliz Para Cuatro,Lleva dos (2) Cajitas Felices a elección y dos (2) McCombos Clásicos medianos a elección.,110500.0,110500.0,0.0,False,False,True,7219ae91-98cb-405e-a554-2adb95f380ac.png,McDonald's,"Chapinero Alto, Bogotá"
Rappi,900275448,900427457,McDonalds Turbo,Lou - Mcdonald's Lourdes Turbo,"MCDONALDS TURBO Cra. 13 #63-48, Bogota, Colombia",True,0.0,20,0.0,257064,Cajota Familiar - Turbo,10,3762357,Cajota Familiar Clásica para dos,Lleva dos (2) McCombos Clásicos medianos a elección.,60500.0,60500.0,0.0,False,False,True,e0ac6c08-b71b-4c04-b0b0-33bc09713d02.png,McDonald's,"Chapinero Alto, Bogotá"
Rappi,900275448,900427457,McDonalds Turbo,Lou - Mcdonald's Lourdes Turbo,"MCDONALDS TURBO Cra. 13 #63-48, Bogota, Colombia",True,0.0,20,0.0,257064,Cajota Familiar - Turbo,10,3762365,Cajota Familiar Clásica para tres,Lleva tres (3) McCombos Clásicos medianos a elección.,90900.0,90900.0,0.0,False,False,True,87cbb61b-4923-4d06-ad72-2de0295aaf56.png,McDonald's,"Chapinero Alto, Bogotá"
Rappi,900275448,900427457,McDonalds Turbo,Lou - Mcdonald's Lourdes Turbo,"MCDONALDS TURBO Cra. 13 #63-48, Bogota, Colombia",True,0.0,20,0.0,257064,Cajota Familiar - Turbo,10,3762553,Cajota Familiar Clásica para cuatro,Lleva cuatro (4) McCombos Clásicos medianos a elección.,121500.0,121500.0,0.0,False,False,True,f9155f76-be39-45cc-a135-1c4ae727d2e9.png,McDonald's,"Chapinero Alto, Bogotá"
Rappi,900275448,900427457,McDonalds Turbo,Lou - Mcdonald's Lourdes Turbo,"MCDONALDS TURBO Cra. 13 #63-48, Bogota, Colombia",True,0.0,20,0.0,257065,McNuggets y Pollo Turbo,11,4194181,Strips de pollo,3 unidades de Strips de pollo y 2 salsas a elección.,25900.0,25900.0,0.0,False,False,True,85423e53-d86f-4c91-9879-f66cf3a56980.png,McDonald's,"Chapinero Alto, Bogotá"
Rappi,900275448,900427457,McDonalds Turbo,Lou - Mcdonald's Lourdes Turbo,"MCDONALDS TURBO Cra. 13 #63-48, Bogota, Colombia",True,0.0,20,0.0,257065,McNuggets y Pollo Turbo,11,4194183,McCombo Mediano 3 Strips de Pollo,"McCombo Mediano 3 unidades Strips de pollo, con papas medianas, bebida mediana y dos salsas a elección.",34900.0,34900.0,0.0,False,False,True,acf6affa-7a77-4b82-8b14-631913a8fd08.png,McDonald's,"Chapinero Alto, Bogotá"
Rappi,900275448,900427457,McDonalds Turbo,Lou - Mcdonald's Lourdes Turbo,"MCDONALDS TURBO Cra. 13 #63-48, Bogota, Colombia",True,0.0,20,0.0,257065,McNuggets y Pollo Turbo,11,4194184,McCombo Grande 3 Strips de Pollo,"McCombo Grande 3 unidades Strips de pollo, con papas grandes, bebida grande y dos salsas a elección.",37900.0,37900.0,0.0,False,False,True,e267637d-5ffe-4e6b-a09a-d68212323f31.png,McDonald's,"Chapinero Alto, Bogotá"
Rappi,900275448,900427457,McDonalds Turbo,Lou - Mcdonald's Lourdes Turbo,"MCDONALDS TURBO Cra. 13 #63-48, Bogota, Colombia",True,0.0,20,0.0,257065,McNuggets y Pollo Turbo,11,4194182,Caja Pollo Mix,"Caja para compartir con 3 unidades de Strips de pollo, con 10 Chicken McNuggets y tres salsas a elección.",41900.0,41900.0,0.0,False,False,True,818a3ec2-da97-43f4-8c5e-dfbe6a1f721c.png,McDonald's,"Chapinero Alto, Bogotá"
Rappi,900275448,900427457,McDonalds Turbo,Lou - Mcdonald's Lourdes Turbo,"MCDONALDS TURBO Cra. 13 #63-48, Bogota, Colombia",True,0.0,20,0.0,257065,McNuggets y Pollo Turbo,11,4194186,Caja Pollo Mix con papas,"Caja para compartir con 3 unidades de Strips de pollo, con 10 Chicken McNuggets, con 2 papas regulares y tres salsas a elección.",46900.0,46900.0,0.0,False,False,True,f3a5ef2c-522c-40fb-93b6-0342a272e94c.png,McDonald's,"Chapinero Alto, Bogotá"
Rappi,900275448,900427457,McDonalds Turbo,Lou - Mcdonald's Lourdes Turbo,"MCDONALDS TURBO Cra. 13 #63-48, Bogota, Colombia",True,0.0,20,0.0,257065,McNuggets y Pollo Turbo,11,4194185,McCombo Pequeño Caja Pollo Mix,"McCombo Pequeño 3 unidades Strips de pollo, con 10 Chicken McNuggets, dos papas pequeñas, dos bebidas pequeñas y tres salsas a elección.",50900.0,50900.0,0.0,False,False,True,9c2b3e58-fd46-440b-89bd-aa6f9f053512.png,McDonald's,"Chapinero Alto, Bogotá"
Rappi,900275448,900427457,McDonalds Turbo,Lou - Mcdonald's Lourdes Turbo,"MCDONALDS TURBO Cra. 13 #63-48, Bogota, Colombia",True,0.0,20,0.0,257065,McNuggets y Pollo Turbo,11,3762221,Chicken McNuggets 4 pzas,4 piezas 100% de pechuga de pollo apanadas.,12500.0,12500.0,0.0,False,False,True,695b459b-39f2-44de-a70a-7b04a7d0fcd5.png,McDonald's,"Chapinero Alto, Bogotá"
Rappi,900275448,900427457,McDonalds Turbo,Lou - Mcdonald's Lourdes Turbo,"MCDONALDS TURBO Cra. 13 #63-48, Bogota, Colombia",True,0.0,20,0.0,257065,McNuggets y Pollo Turbo,11,3762422,Chicken McNuggets 10 pzas,10 piezas 100% de pechuga de pollo apanadas.,28500.0,28500.0,0.0,False,False,True,7e41582f-ae2a-47a8-8570-5696dc204cb7.png,McDonald's,"Chapinero Alto, Bogotá"
Rappi,900275448,900427457,McDonalds Turbo,Lou - Mcdonald's Lourdes Turbo,"MCDONALDS TURBO Cra. 13 #63-48, Bogota, Colombia",True,0.0,20,0.0,257065,McNuggets y Pollo Turbo,11,3762425,Chicken McNuggets 20 Piezas,20 piezas 100% de pechuga de pollo apanadas.,53500.0,53500.0,0.0,False,False,True,07af2308-f12c-456c-9705-d45c8d95b459.png,McDonald's,"Chapinero Alto, Bogotá"
Rappi,900275448,900427457,McDonalds Turbo,Lou - Mcdonald's Lourdes Turbo,"MCDONALDS TURBO Cra. 13 #63-48, Bogota, Colombia",True,0.0,20,0.0,257066,Ensaladas - Turbo,12,3762428,Ensalada Deli Fresh Pechuga de pollo con agua,"Ensalada Deli Fresh Pechuga Pollo, Lechuga, Tomate, pepinillos, cebolla Crispy, aguacate y aderezo y Botella de Agua",34500.0,34500.0,0.0,False,False,True,4588398e-9360-4421-8ff0-fba66115aad9.png,McDonald's,"Chapinero Alto, Bogotá"
Rappi,900275448,900427457,McDonalds Turbo,Lou - Mcdonald's Lourdes Turbo,"MCDONALDS TURBO Cra. 13 #63-48, Bogota, Colombia",True,0.0,20,0.0,257066,Ensaladas - Turbo,12,3762584,Ensalada Deli Fresh Pechuga de pollo,"Ensalada Deli Fresh Pechuga Pollo, Lechuga, Tomate, pepinillos, cebolla Crispy, aguacate y aderezo",31500.0,31500.0,0.0,False,False,True,07901878-d85c-41c8-913c-1d89a189bd63.png,McDonald's,"Chapinero Alto, Bogotá"
Rappi,900275448,900427457,McDonalds Turbo,Lou - Mcdonald's Lourdes Turbo,"MCDONALDS TURBO Cra. 13 #63-48, Bogota, Colombia",True,0.0,20,0.0,257066,Ensaladas - Turbo,12,3762261,McCombo Ensalada Deli Fresh Pechuga de Pollo,"Ensalada Deli Fresh Pechuga Pollo, Lechuga, Tomate, pepinillos, cebolla Crispy, aguacate y aderezo con Botella de Agua y papas regulares",37900.0,37900.0,0.0,False,False,True,6f338c82-2c89-4f2e-aa9d-9d8a5eacf664.png,McDonald's,"Chapinero Alto, Bogotá"
Rappi,900275448,900427457,McDonalds Turbo,Lou - Mcdonald's Lourdes Turbo,"MCDONALDS TURBO Cra. 13 #63-48, Bogota, Colombia",True,0.0,20,0.0,257066,Ensaladas - Turbo,12,3762238,Ensalada Deli Fresh Carne,"Ensalada Deli Fresh Carne, Lechuga, Tomate, pepinillos, cebolla Crispy, aguacate y aderezo",31500.0,31500.0,0.0,False,False,True,03596d63-b7cc-41ee-a63f-349238cb9b91.png,McDonald's,"Chapinero Alto, Bogotá"
Rappi,900275448,900427457,McDonalds Turbo,Lou - Mcdonald's Lourdes Turbo,"MCDONALDS TURBO Cra. 13 #63-48, Bogota, Colombia",True,0.0,20,0.0,257066,Ensaladas - Turbo,12,3762334,Ensalada Deli Fresh Carne con agua,"Ensalada Deli Fresh Carne, Lechuga, Tomate, pepinillos, cebolla Crispy, aguacate, aderezo y Botella de agua manantial",34500.0,34500.0,0.0,False,False,True,7af682f7-c66d-45f5-ad86-2b8f4239430a.png,McDonald's,"Chapinero Alto, Bogotá"
Rappi,900275448,900427457,McDonalds Turbo,Lou - Mcdonald's Lourdes Turbo,"MCDONALDS TURBO Cra. 13 #63-48, Bogota, Colombia",True,0.0,20,0.0,257066,Ensaladas - Turbo,12,3762564,McCombo Ensalada Deli Fresh Carne,"Ensalada Deli Fresh Carne, Lechuga, Tomate, pepinillos, cebolla Crispy, aguacate, aderezo con Botella de agua manantial y Papas regulares",37900.0,37900.0,0.0,False,False,True,85395253-939c-41f9-a915-937a11ec5acb.png,McDonald's,"Chapinero Alto, Bogotá"
Rappi,900275448,900427457,McDonalds Turbo,Lou - Mcdonald's Lourdes Turbo,"MCDONALDS TURBO Cra. 13 #63-48, Bogota, Colombia",True,0.0,20,0.0,257067,McCafé -Turbo,13,3762400,Combos Clásicos,Elige tu combo clasico con una (1) opcion bebida y una (1) opcion pasteleria,13900.0,13900.0,0.0,False,False,True,d67567fa-1ed9-43a2-8b08-f659532ae9c1.png,McDonald's,"Chapinero Alto, Bogotá"
Rappi,900275448,900427457,McDonalds Turbo,Lou - Mcdonald's Lourdes Turbo,"MCDONALDS TURBO Cra. 13 #63-48, Bogota, Colombia",True,0.0,20,0.0,257067,McCafé -Turbo,13,3762431,Pastel de Manzana,Pastel de Manzana,10900.0,10900.0,0.0,False,False,False,c258c7ba-38dd-439b-ba64-e61ce7c35073.png,McDonald's,"Chapinero Alto, Bogotá"
Rappi,900275448,900427457,McDonalds Turbo,Lou - Mcdonald's Lourdes Turbo,"MCDONALDS TURBO Cra. 13 #63-48, Bogota, Colombia",True,0.0,20,0.0,257067,McCafé -Turbo,13,3762206,Palito de queso,Palito de queso,8000.0,8000.0,0.0,False,False,False,d0b34966-a99f-42db-8753-f00e5c1f427f.png,McDonald's,"Chapinero Alto, Bogotá"
Rappi,900275448,900427457,McDonalds Turbo,Lou - Mcdonald's Lourdes Turbo,"MCDONALDS TURBO Cra. 13 #63-48, Bogota, Colombia",True,0.0,20,0.0,257067,McCafé -Turbo,13,3762389,McPop x2,LLeva dos McPops masa de donut esponjoso cubierto de chocolate.,6900.0,6900.0,0.0,False,False,True,6aa8af9f-9f4f-4a19-b26d-3a8df0b76a07.png,McDonald's,"Chapinero Alto, Bogotá"
Rappi,900275448,900427457,McDonalds Turbo,Lou - Mcdonald's Lourdes Turbo,"MCDONALDS TURBO Cra. 13 #63-48, Bogota, Colombia",True,0.0,20,0.0,257067,McCafé -Turbo,13,3762599,McPop x3,LLeva tres McPops masa de donut esponjoso cubierto de chocolate.,8900.0,8900.0,0.0,False,False,True,4b470cff-651c-4b44-81d8-129a5629271d.png,McDonald's,"Chapinero Alto, Bogotá"
Rappi,900275448,900427457,McDonalds Turbo,Lou - Mcdonald's Lourdes Turbo,"MCDONALDS TURBO Cra. 13 #63-48, Bogota, Colombia",True,0.0,20,0.0,257067,McCafé -Turbo,13,3762533,Americano grande,Americano grande con café 100% colombiano con Certificación Rainforest Alliance.,7000.0,7000.0,0.0,False,False,True,b5ca6720-a99d-44fb-b7fb-ee7a4ee215f6.png,McDonald's,"Chapinero Alto, Bogotá"
Rappi,900275448,900427457,McDonalds Turbo,Lou - Mcdonald's Lourdes Turbo,"MCDONALDS TURBO Cra. 13 #63-48, Bogota, Colombia",True,0.0,20,0.0,257067,McCafé -Turbo,13,3762567,Cappuccino Grande,Capuccino grande con café 100% colombiano con Certificación Rainforest Alliance y leche 100% colombiana,9500.0,9500.0,0.0,False,False,True,c9fe1058-a39f-49b0-8035-e6ed994346d4.png,McDonald's,"Chapinero Alto, Bogotá"
Rappi,900275448,900427457,McDonalds Turbo,Lou - Mcdonald's Lourdes Turbo,"MCDONALDS TURBO Cra. 13 #63-48, Bogota, Colombia",True,0.0,20,0.0,257067,McCafé -Turbo,13,3762284,Latte Grande,Latte grande con café 100% colombiano con Certificación Rainforest Alliance y leche 100% colombiana,9500.0,9500.0,0.0,False,False,True,218ef8d3-f909-4778-975c-e5016a6a7465.png,McDonald's,"Chapinero Alto, Bogotá"
Rappi,900275448,900427457,McDonalds Turbo,Lou - Mcdonald's Lourdes Turbo,"MCDONALDS TURBO Cra. 13 #63-48, Bogota, Colombia",True,0.0,20,0.0,257067,McCafé -Turbo,13,3762536,Tinto grande,Tinto grande con café 100% colombiano con Certificación Rainforest Alliance.,6500.0,6500.0,0.0,False,False,False,e23e478c-db60-4bcd-bbff-67e9d210da4d.png,McDonald's,"Chapinero Alto, Bogotá"
Rappi,900275448,900427457,McDonalds Turbo,Lou - Mcdonald's Lourdes Turbo,"MCDONALDS TURBO Cra. 13 #63-48, Bogota, Colombia",True,0.0,20,0.0,257067,McCafé -Turbo,13,3762227,Café con Leche grande,Café 100% colombiano con Certificación Rainforest Allliance con leche 100% colombiana grande.,6500.0,6500.0,0.0,False,False,False,1540efd5-7dc2-4e58-a0cc-4d15e2ab611e.png,McDonald's,"Chapinero Alto, Bogotá"
Rappi,900275448,900427457,McDonalds Turbo,Lou - Mcdonald's Lourdes Turbo,"MCDONALDS TURBO Cra. 13 #63-48, Bogota, Colombia",True,0.0,20,0.0,257067,McCafé -Turbo,13,3762441,Iced Latte mediano,Iced Latte Mediano con leche 100% colombiana.,10500.0,10500.0,0.0,False,False,True,9b0100ba-b1c0-42a4-9e58-3cce4eaf0c02.png,McDonald's,"Chapinero Alto, Bogotá"
Rappi,900275448,900427457,McDonalds Turbo,Lou - Mcdonald's Lourdes Turbo,"MCDONALDS TURBO Cra. 13 #63-48, Bogota, Colombia",True,0.0,20,0.0,257067,McCafé -Turbo,13,3762610,Malteada Café,Malteada de café 100% colombiano con Certificación Rainforest Alliance y leche 100% colombiana con Certificación Rainforest Alliance.,13900.0,13900.0,0.0,False,False,True,eec0cdad-d3aa-4c38-aeae-93326da6f2ab.png,McDonald's,"Chapinero Alto, Bogotá"
Rappi,900275448,900427457,McDonalds Turbo,Lou - Mcdonald's Lourdes Turbo,"MCDONALDS TURBO Cra. 13 #63-48, Bogota, Colombia",True,0.0,20,0.0,257068,Postres -Turbo,14,3762587,McFlurry Oblea,"Helado de leche 100% colombiana sabor a vainilla con galleta oblea, topping de mora y arequipe.",12900.0,12900.0,0.0,False,False,True,c19a8813-696f-4224-9351-96ab8c594fd5.png,McDonald's,"Chapinero Alto, Bogotá"
Rappi,900275448,900427457,McDonalds Turbo,Lou - Mcdonald's Lourdes Turbo,"MCDONALDS TURBO Cra. 13 #63-48, Bogota, Colombia",True,0.0,20,0.0,257068,Postres -Turbo,14,3762555,Sundae Mora,Helado de vainilla con topping de mora.,8500.0,8500.0,0.0,False,False,True,799b3df4-80b8-4a90-9063-8542d2f1fd6f.png,McDonald's,"Chapinero Alto, Bogotá"
Rappi,900275448,900427457,McDonalds Turbo,Lou - Mcdonald's Lourdes Turbo,"MCDONALDS TURBO Cra. 13 #63-48, Bogota, Colombia",True,0.0,20,0.0,257068,Postres -Turbo,14,3762483,McFlurry Oreo,Helado de leche 100% colombiana sabor a vainilla con galleta Oreo triturada y topping de chocolate.,12900.0,12900.0,0.0,False,False,True,5154f7ef-e975-403c-95bd-6496ae28f96c.png,McDonald's,"Chapinero Alto, Bogotá"
Rappi,900275448,900427457,McDonalds Turbo,Lou - Mcdonald's Lourdes Turbo,"MCDONALDS TURBO Cra. 13 #63-48, Bogota, Colombia",True,0.0,20,0.0,257068,Postres -Turbo,14,3762209,McFlurry M&M's,Helado de leche 100% colombiana sabor a vainilla con chocolates M&M's y topping de arequipe 100% colombiano.,12900.0,12900.0,0.0,False,False,True,b718d0d1-62a3-4fda-bf98-4d1b54b92f4f.png,McDonald's,"Chapinero Alto, Bogotá"
Rappi,900275448,900427457,McDonalds Turbo,Lou - Mcdonald's Lourdes Turbo,"MCDONALDS TURBO Cra. 13 #63-48, Bogota, Colombia",True,0.0,20,0.0,257068,Postres -Turbo,14,3762314,Malteada Arequipe,Leche deslactosada 100% colombiana y helado de leche 100% colombiana sabor a vainilla con topping de arequipe 100% colombiano.,13900.0,13900.0,0.0,False,False,True,054ad0cf-43e8-4172-931d-d206046d728f.png,McDonald's,"Chapinero Alto, Bogotá"
Rappi,900275448,900427457,McDonalds Turbo,Lou - Mcdonald's Lourdes Turbo,"MCDONALDS TURBO Cra. 13 #63-48, Bogota, Colombia",True,0.0,20,0.0,257068,Postres -Turbo,14,3762455,Malteada de Oreo,Leche deslactosada 100% colombiana y helado de leche 100% colombiana sabor a vainilla con galleta Oreo triturada y topping de chocolate.,13900.0,13900.0,0.0,False,False,True,154550e4-a20e-472f-8c09-451dbf57ab87.png,McDonald's,"Chapinero Alto, Bogotá"
